fir_id,fir_text,ipc_section
1,My motorcycle was stolen from the parking area outside my apartment building last night.,379
2,I discovered my motorcycle missing from the spot where I had parked it in front of my residential building.,379
3,"When I went to retrieve my bike after returning home, it was gone from the parking area near the building gate.",379
4,Someone stole my mobile phone from my jacket pocket while I was standing at the bus stop.,379
5,My phone was pickpocketed from my coat pocket while I waited at the bus stop for my route.,379
6,"While I stood at the bus stop, an unknown person removed my mobile handset from my jacket without my notice.",379
7,My bicycle went missing from the cycle stand near the office where I had parked it this morning.,379
8,I had locked my bicycle at the stand outside my workplace in the morning and found it stolen when I came back.,379
9,The bicycle I had left at the office cycle parking was taken away by an unidentified person during working hours.,379
10,A thief stole my wallet containing cash and cards from my bag while I was shopping at the market.,379
11,"While I was buying vegetables at the market, someone removed my wallet with cash and bank cards from my bag.",379
12,My bag was pickpocketed at the busy market and my wallet containing currency and ATM cards was taken.,379
13,My scooter was taken away from the parking lot near the railway station sometime during the afternoon.,379
14,I had parked my scooter near the railway station and it was found missing when I returned in the afternoon.,379
15,An unknown person stole my scooter from the parking space adjacent to the train station during daytime.,379
16,I left my laptop bag on the seat of an auto-rickshaw and it was stolen before I could retrieve it.,379
17,My laptop bag which I had left inside the auto-rickshaw was taken away before I could go back for it.,379
18,"After forgetting my bag in an auto, I went back but found it had already been taken by an unknown person.",379
19,My gold chain was removed from my neck by an unknown person in the crowded metro station.,379
20,An unidentified individual took off my gold necklace while I was surrounded by passengers at the metro.,379
21,"While travelling through a busy metro station, someone slipped my gold chain off my neck without my knowledge.",379
22,Someone stole my wristwatch from the locker room at the gymnasium while I was exercising.,379
23,My wristwatch was taken from the changing room at the gym while I was busy working out on the floor.,379
24,An unidentified person stole my watch that I had left in the locker area of the gymnasium.,379
25,My purse containing five thousand rupees and my Aadhaar card was stolen at the vegetable market.,379
26,"At the vegetable market, someone took away my purse which had five thousand rupees cash and my identity card.",379
27,A thief stole my purse from me at the sabzi mandi and it contained both cash and my Aadhaar card.,379
28,The accused stole my toolbox from the back of my parked pickup truck outside the workshop.,379
29,My toolbox kept in the rear of my pickup truck was stolen while the vehicle was parked near the workshop.,379
30,An unknown person removed my toolbox from the back of my truck while I was inside the workshop.,379
31,I parked my Honda Activa near the temple and found it missing when I returned after an hour.,379
32,My Honda Activa scooter was stolen from in front of the temple where I had parked it for about an hour.,379
33,"After offering prayers at the temple, I came out to find that my parked Activa had been taken by someone.",379
34,My mobile phone was stolen from the charging point at the airport while I briefly stepped away.,379
35,I left my phone at the airport charging station for a few minutes and it was taken by an unknown person.,379
36,Someone stole my mobile from the public charging kiosk at the airport while I was away briefly.,379
37,An unidentified person stole my umbrella and bag from the overhead rack of the train compartment.,379
38,My bag and umbrella were taken from the luggage rack above my seat in the train by an unknown traveller.,379
39,Someone removed my belongings from the overhead shelf of the railway compartment while I was not paying attention.,379
40,My earphones and power bank were stolen from my desk at the shared co-working space.,379
41,Someone took my earphones and portable charger from my workstation at the co-working office.,379
42,My desk at the shared workspace was pilfered and both my earphones and power bank were missing.,379
43,I noticed my leather wallet was stolen from my trouser pocket while travelling in a crowded DTC bus.,379
44,My wallet was taken out of my trouser pocket by a pickpocket while I was travelling on a DTC bus.,379
45,A thief removed my leather wallet from my pocket during the journey on the crowded Delhi bus.,379
46,The accused stole petrol from my parked motorcycle using a siphon pipe during the night.,379
47,Fuel was siphoned from my parked motorcycle at night using a pipe by an unknown person.,379
48,Someone drained petrol from my bike using a siphon while it was parked outside my house overnight.,379
49,My new cycle was stolen from the ground floor of my housing society despite the security guard being present.,379
50,"Even with the security guard on duty, an unknown person stole my brand new bicycle from the ground floor of the society.",379
51,My recently purchased cycle went missing from the housing society premises while the guard was supposedly on watch.,379
52,Someone took away my college bag containing books and a calculator from the library reading room.,379
53,My bag with textbooks and a scientific calculator was taken from the college library while I was studying.,379
54,An unknown person stole my college bag from the reading room in the library while I was away momentarily.,379
55,My car's side mirror and stereo system were stolen while it was parked on the roadside overnight.,379
56,Thieves removed the side mirror and music system from my car while it was left on the roadside through the night.,379
57,"While my car stood parked on the street overnight, unknown persons stripped the side mirror and stereo.",379
58,I found my suitcase missing from the overhead luggage rack after I deboarded the express train.,379
59,"After getting off the express train, I realized my suitcase had been removed from the overhead rack.",379
60,My suitcase which was kept on the luggage shelf of the train was stolen before I could collect it.,379
61,A person unknown to me stole my handbag from the seat next to me at a restaurant in the mall.,379
62,My handbag placed on the adjacent chair at a mall restaurant was taken by a stranger while I was eating.,379
63,"While dining at the food court, someone took away my handbag which I had kept on the seat beside me.",379
64,My Samsung mobile phone was stolen from my shop counter while I was attending to another customer.,379
65,"While I was busy serving a customer, someone stole my Samsung handset from the shop counter.",379
66,An unknown person took away my Samsung phone from the counter of my store when my attention was diverted.,379
67,Someone stole the spare tyre and jack from the boot of my car which was parked in the colony.,379
68,The spare wheel and jack set were removed from the dicky of my car while it stood in the residential colony.,379
69,An unknown person stole the spare tyre along with the jack from the trunk of my parked car.,379
70,My ATM card was stolen from my wallet while I was standing in a queue at the government office.,379
71,A thief removed my ATM card from my wallet when I was waiting in line at the government office.,379
72,"While standing in a queue at the sarkari office, someone picked my wallet and stole my debit card.",379
73,The accused stole a gold bangle from my dressing table while posing as a household worker.,379
74,An unknown person who had come as a domestic helper stole my gold bangle from the dressing table.,379
75,"While pretending to work as a household help, the accused removed a gold bangle from my dressing table.",379
76,My gold chain was stolen from the almirah inside my locked bedroom while I was away on a trip.,380
77,"During my absence on a trip, someone entered my locked room and stole my gold necklace from the almirah.",380
78,The gold chain kept in the cupboard of my locked bedroom was stolen while I was travelling.,380
79,An unidentified person broke into my house and stole a laptop and cash kept in the drawer.,380
80,Someone forced entry into my home and took away a laptop and cash that was kept in the table drawer.,380
81,My house was broken into and a laptop along with cash from the drawer was stolen by unknown persons.,380
82,"While we were sleeping at night, someone entered our flat and stole jewelry from the cupboard.",380
83,An unknown intruder came into our flat while the family was asleep at night and stole jewelry from the wardrobe.,380
84,"In the dead of night, a thief sneaked into our apartment and took away ornaments stored in the cupboard.",380
85,The accused stole my mother's gold earrings and a silver idol from our home during our absence.,380
86,"While we were not at home, the accused entered our house and took away my mother's gold earrings and a silver deity.",380
87,My mother's earrings and a silver idol were stolen from our residence by the accused during our absence.,380
88,Thieves broke into our ground floor flat and took away the television and a wristwatch.,380
89,Our ground floor apartment was burglarized and the thieves made off with the television and a watch.,380
90,Unknown persons gained entry into our flat on the ground level and stole the TV set and a wristwatch.,380
91,Someone entered my apartment through the kitchen window and stole cash kept under the mattress.,380
92,A thief climbed in through the kitchen window of my flat and stole the cash I had kept under the mattress.,380
93,My apartment was entered through the kitchen window and money hidden under the mattress was taken.,380
94,My tenant stole a gold necklace and a diamond ring from the locker in the master bedroom.,380
95,The tenant living in my house stole a gold necklace and a diamond ring from the bedroom locker.,380
96,A gold chain and a diamond ring were stolen from the locker inside the main bedroom by my tenant.,380
97,A domestic worker employed at our house stole jewelry worth lakhs from the steel almirah.,380
98,Our household help committed theft of jewelry worth several lakhs from the steel cupboard in our home.,380
99,The maid employed at our house stole ornaments worth lakhs of rupees from the iron almirah.,380
100,Thieves entered our house while we were at a wedding function and stole all the silverware.,380
101,"While the entire household was at a wedding ceremony, thieves broke in and took away all the silver items.",380
102,Our house was robbed of all its silverware while we were attending a family wedding.,380
103,"An unknown person entered our unlocked house and stole a laptop, tablet, and mobile charger.",380
104,"Taking advantage of our unlocked door, an intruder entered the house and stole the laptop, tablet, and charger.",380
105,"Our house was entered without breaking in as it was unlocked, and a laptop, tablet, and charger were stolen.",380
106,The accused broke into our first floor flat and stole a gold chain and earrings from the dressing table.,380
107,Our first floor residence was broken into by the accused who took gold chain and earrings from the dressing table.,380
108,The accused forcibly entered our first floor home and stole gold jewelry kept on the dressing table.,380
109,"While the family was on pilgrimage, thieves broke into our house and stole electronics and cash.",380
110,"During our pilgrimage trip, thieves took advantage of the vacant house and stole electronic items and cash.",380
111,Our home was robbed of electronics and money while the entire family had gone on a pilgrimage.,380
112,Someone entered my house by breaking the window grill and stole my wife's ornaments.,380
113,A thief broke the window grill to gain entry into our home and took away my wife's ornaments.,380
114,My wife's jewelry was stolen after an intruder forced open the window grill and entered our house.,380
115,A person posing as a plumber entered our home and stole a gold bangle kept on the shelf.,380
116,A man who came disguised as a plumber committed theft of a gold bangle from the shelf inside our house.,380
117,"Pretending to be a plumber, the accused entered our house and removed a gold bangle placed on the rack.",380
118,Thieves stole my father's pension cash kept in a tin box inside the bedroom wardrobe.,380
119,My father's pension money stored in a tin box in the wardrobe was stolen by thieves who entered the house.,380
120,The tin box in which my father kept his pension cash inside the almirah was found empty after a break-in.,380
121,Our house was robbed while we were asleep and the thieves took away mobile phones and gold rings.,380
122,Unknown thieves entered the house during the night while we slept and stole mobile phones and gold rings.,380
123,"While the family was sleeping, thieves came into our home and took away gold rings and mobile handsets.",380
124,An intruder entered the ground floor apartment and stole a leather bag containing cash and documents.,380
125,A ground floor flat was broken into by an intruder who stole a leather bag with cash and important papers.,380
126,Someone trespassed into the ground floor apartment and made off with a bag containing money and documents.,380
127,"The accused sneaked into our house and stole a wristwatch, cash, and a silver coin from the puja room.",380
128,"The accused quietly entered our home and took a wristwatch, some cash, and a silver coin kept in the prayer room.",380
129,"Our puja room was targeted and the accused stole a silver coin, wristwatch, and cash from there.",380
130,My neighbor's domestic help stole jewelry from our house when she was given the spare key.,380
131,The maid from the neighboring house used the spare key we gave her to enter and steal jewelry.,380
132,Jewelry was stolen from our home by the domestic worker of our neighbor who had been given our extra key.,380
133,"While we were on vacation, unknown thieves broke into our home and stole an expensive camera.",380
134,"During our holiday trip, our home was burglarized and an expensive camera was among the stolen items.",380
135,Thieves broke into our vacant house while we were vacationing and stole a high-value camera.,380
136,"While my mother was alone at home, two men forced their way in and stole her mangalsutra.",380
137,Two unknown men pushed their way into the house when my mother was alone and snatched her mangalsutra.,380
138,Two accused persons forcibly entered our home while only my elderly mother was present and stole her mangalsutra.,380
139,Someone stole a gold chain from the locker in my bedroom while I was in the adjacent room.,380
140,A gold necklace kept in my bedroom locker was stolen by someone while I was in the next room.,380
141,"While I was in the adjoining room, an unknown person entered and stole a gold chain from my bedroom locker.",380
142,"Thieves entered our flat during Diwali holidays and stole cash, jewelry, and a smartwatch.",380
143,"During the Diwali vacation when we were away, thieves broke into the flat and took cash, ornaments, and a smartwatch.",380
144,"Our flat was robbed during the Diwali holidays and the thieves stole jewelry, currency, and a smartwatch.",380
145,An unknown person stole a mobile phone and digital camera from inside our locked apartment.,380
146,A mobile phone and digital camera were taken from within our locked flat by an unknown intruder.,380
147,Our locked apartment was broken into and a phone along with a digital camera was stolen.,380
148,The accused entered our residence by cutting the window mesh and stole silver utensils and cash.,380
149,"By cutting through the window mesh, the accused gained entry into our home and took silver utensils and cash.",380
150,Silver vessels and cash were stolen from our house after the accused sliced the wire mesh and entered.,380
151,Two men on a motorcycle snatched my mobile phone and sped away while I was walking on the footpath.,356
152,A duo on a motorbike grabbed my phone as I walked along the footpath and rode off at high speed.,356
153,"While I was on the pavement, two persons came on a motorcycle and forcibly took my mobile before fleeing.",356
154,An unknown person snatched my gold chain while I was getting off the bus near the market.,356
155,Someone tore my gold necklace off my neck when I was alighting from the bus close to the market.,356
156,"As I stepped off the bus near the market area, an unknown individual yanked my gold chain and fled.",356
157,A young man grabbed my handbag and ran away before I could raise an alarm at the railway station.,356
158,My handbag was forcibly grabbed by a youth at the railway station who fled before I could call for help.,356
159,A young accused snatched my bag at the station and escaped into the crowd before I could react.,356
160,A motorcyclist snatched my mobile from my hand while I was using it on the road.,356
161,A person riding a motorcycle grabbed my phone right out of my hand while I stood on the roadside.,356
162,"While I was using my phone on the street, a motorcyclist drove close and snatched it from me.",356
163,My gold earrings were forcibly snatched by a woman in the crowded weekly bazaar.,356
164,A woman in the weekly market forcibly pulled my gold earrings off in the middle of the crowd.,356
165,"In the packed weekly bazaar, an unknown woman snatched my gold earrings and disappeared.",356
166,Two boys on a bicycle snatched my purse containing cash and cards near the school gate.,356
167,"Near the school entrance, two youths on a cycle grabbed my purse which had cash and bank cards.",356
168,My purse with cash and ATM cards was forcibly taken by two boys riding a bicycle near the school.,356
169,An unknown man snatched my wristwatch and fled on a scooter while I stood at the traffic light.,356
170,My wristwatch was grabbed by a stranger at the traffic signal who then escaped on a scooter.,356
171,"While I was waiting at the red light, an unknown man pulled off my wristwatch and sped away on a two-wheeler.",356
172,"While I was boarding the metro, someone snatched my necklace from my neck and ran into the crowd.",356
173,"As I was getting onto the metro, a person yanked my chain off and vanished into the passenger crowd.",356
174,Someone in the metro boarding crowd pulled my necklace from my neck and ran before I could stop them.,356
175,A person snatched my bag from my shoulder when I was walking alone on the flyover.,356
176,"While crossing the flyover alone, someone came from behind and grabbed my shoulder bag.",356
177,My bag was torn off my shoulder by an unknown person as I walked alone on the overpass.,356
178,My mobile phone was forcibly grabbed from my hand while I sat in an e-rickshaw.,356
179,Someone snatched my phone directly from my hand while I was a passenger in an e-rickshaw.,356
180,"While travelling in an e-rickshaw, an unknown person reached in and grabbed my phone from my hand.",356
181,An unknown youth snatched my gold bangle in broad daylight outside the temple premises.,356
182,A young unknown person forcibly took my gold bangle in plain sight near the temple entrance.,356
183,My gold bangle was snatched by an unidentified youth outside the temple in the middle of the day.,356
184,A man on a motorcycle drove past and snatched my gold chain near the bus stand.,356
185,"Near the bus depot, a person on a motorbike came close and pulled off my gold chain as he passed.",356
186,My gold chain was grabbed by a motorcyclist who drove past me at speed near the bus stand.,356
187,Two men snatched my laptop bag from my shoulder when I was walking to the metro station.,356
188,My laptop bag was forcibly taken from my shoulder by two men while I was heading to the metro.,356
189,"While walking toward the metro station, two unknown men grabbed my laptop bag and fled.",356
190,Someone snatched my wallet and phone together from my pocket near the cinema hall.,356
191,Both my wallet and mobile were taken from my pocket by an unknown person near the movie theater.,356
192,"Near the cinema, an unidentified person pickpocketed my phone and wallet from my pocket together.",356
193,A teenage boy snatched my earphones and mobile while I walked through the underpass.,356
194,A young boy grabbed my earphones and phone from me as I was passing through the underpass.,356
195,"While crossing the underpass, a teenager forcibly took my mobile and earphones and ran away.",356
196,My gold chain was snatched by an unknown man who pushed me near the market crossing.,356
197,An unknown person pushed me at the crossroads near the market and snatched my gold necklace.,356
198,"Near the market junction, a man shoved me aside and forcibly removed my gold chain.",356
199,An accused snatched my handbag containing important documents near the court premises.,356
200,My bag with important legal papers was grabbed by the accused near the court building.,356
201,"The accused forcibly took my handbag outside the court, which contained important documents.",356
202,Two individuals on a bike grabbed my bag while I was crossing the road near the hospital.,356
203,My bag was snatched by two persons on a motorcycle as I crossed the road near the hospital.,356
204,"While crossing the street near the hospital, two bike-borne persons grabbed my bag and sped away.",356
205,My mobile was snatched by a boy who pretended to ask for directions and then grabbed it.,356
206,A boy approached me asking for directions and suddenly grabbed my phone and ran away.,356
207,"After pretending to need directions, a youth snatched my mobile from my hand and fled.",356
208,An unknown assailant snatched my daughter's chain outside her school in the evening.,356
209,My daughter's gold chain was snatched by an unidentified person outside the school gate in the evening.,356
210,"In the evening, outside my daughter's school, an unknown person pulled off her chain and ran.",356
211,The accused tried to snatch my bag and caused a cut on my hand while I resisted.,356
212,"When I resisted the accused from taking my bag, he pulled forcefully and injured my hand.",356
213,"In attempting to snatch my bag, the accused hurt my hand when I tried to hold on to it.",356
214,A man snatched my purse at the auto stand and ran into the nearby lanes.,356
215,My purse was grabbed by a man at the auto-rickshaw stand who then ran into the side lanes.,356
216,"At the auto stand, a person forcibly pulled my purse away and disappeared into the narrow lanes nearby.",356
217,My new phone was snatched by two boys who were following me on foot near the park.,356
218,Two youths who had been following me grabbed my new mobile phone near the park.,356
219,"Near the park, two boys who were tailing me on foot snatched my new handset and fled.",356
220,Someone snatched my bag at the crowded fair ground and disappeared into the crowd.,356
221,My bag was forcibly taken by an unknown person at the mela ground who then blended into the crowd.,356
222,"At the crowded fair, an unidentified individual grabbed my bag and vanished among the people.",356
223,An unknown person rode pillion and snatched my gold chain from my neck while I walked.,356
224,A pillion rider on a passing motorcycle grabbed my gold necklace from my neck while I was on foot.,356
225,"While I was walking, a person seated behind on a motorcycle leaned over and snatched my gold chain.",356
226,The accused slapped and punched me multiple times during an argument over a parking dispute.,323
227,"During a fight over parking space, the accused hit me with slaps and punches repeatedly.",323
228,The accused beat me up several times by slapping and punching me during a parking altercation.,323
229,My neighbor beat me with his fists after a heated argument about water supply in our building.,323
230,"After a fierce argument about water availability in the building, my neighbor punched me with his hands.",323
231,My neighbor physically attacked me by punching me after a quarrel about the building water supply.,323
232,A group of men assaulted me outside the dhaba and I sustained bruises on my arms and face.,323
233,"Outside the eatery, a group of persons beat me up and left me with bruises on my face and arms.",323
234,I was physically attacked by several men outside the dhaba and suffered bruising on my face and arms.,323
235,"The accused struck me on the face during a quarrel over a cricket match, causing swelling.",323
236,"During a dispute about a cricket game, the accused hit me on my face causing my cheek to swell.",323
237,The accused punched me on the face during a cricket argument and it resulted in visible swelling.,323
238,My colleague punched me twice in the chest after I raised a complaint about his behavior.,323
239,"After I reported his conduct, my colleague struck me twice in the chest with his fist.",323
240,I was punched in the chest two times by my coworker after I filed a complaint against him.,323
241,The accused and his friends beat me up outside the college gate without any provocation.,323
242,"Without any reason, the accused and his associates assaulted me outside the college entrance.",323
243,"Outside the college, the accused along with his companions attacked me without any provocation.",323
244,A man assaulted me and my brother during a road rage incident near the flyover.,323
245,My brother and I were both attacked by a man during a road rage confrontation near the flyover.,323
246,"Near the overpass, a road rage episode turned violent and a man struck both me and my brother.",323
247,The accused kicked me and pushed me to the ground during a verbal fight in the market.,323
248,"During a quarrel at the market, the accused shoved me and kicked me until I fell down.",323
249,The accused pushed me to the ground and kicked me during a fight that broke out at the market.,323
250,I was beaten by my neighbor's son who slapped me hard when I asked him to lower the music volume.,323
251,"When I requested the neighbor's son to reduce the music, he responded by slapping me hard.",323
252,My neighbor's son struck me with a forceful slap after I asked him to turn the music volume down.,323
253,The accused punched my father on his back and head during a dispute over property boundaries.,323
254,My father was struck on the head and back by the accused in a fight over the property boundary.,323
255,The accused attacked my father by punching him on the head and back during a land boundary dispute.,323
256,Two men attacked me and pulled my hair during a quarrel at the tea stall near my shop.,323
257,"At the tea stall near my shop, two men assaulted me and forcibly pulled my hair during the fight.",323
258,"During an argument at the tea shop, two individuals beat me and yanked my hair.",323
259,The accused hit me on my face during an argument at the auto stand causing me to fall.,323
260,"At the auto-rickshaw stand, the accused struck my face with enough force to knock me over.",323
261,I was hit on the face by the accused during a quarrel at the auto stand and I fell to the ground.,323
262,My brother-in-law slapped me repeatedly after I refused to give him money.,323
263,"After I declined to give him money, my brother-in-law hit me with repeated slaps.",323
264,My brother-in-law struck me multiple times on the face after I refused his demand for money.,323
265,"The accused and two others assaulted me in front of my house, causing injuries to my shoulder.",323
266,"Outside my residence, the accused along with two others beat me and I suffered shoulder injuries.",323
267,"I was attacked by the accused and two other men in front of my home, injuring my shoulder.",323
268,A group of unknown persons beat me up after I objected to their unlawful parking near my gate.,323
269,Unknown persons assaulted me when I objected to their vehicle being parked illegally near my house.,323
270,"When I confronted unknown individuals for illegal parking near my gate, they beat me up.",323
271,The accused slapped me multiple times during a fight at the wedding function.,323
272,"At the wedding ceremony, the accused repeatedly slapped me during a verbal confrontation.",323
273,"During the marriage function, the accused assaulted me with multiple slaps.",323
274,I was assaulted by the shopkeeper after I complained about a defective product.,323
275,The shopkeeper physically attacked me when I raised a complaint about the faulty item I had bought.,323
276,"After I reported a defective product, the shop owner assaulted me in an angry reaction.",323
277,A person struck me on my nose during an argument at the bus depot causing bleeding.,323
278,I was hit on the nose during a quarrel at the bus terminal and started bleeding.,323
279,"During a dispute at the bus depot, the accused punched my nose hard, causing it to bleed.",323
280,The accused punched me in the stomach during a quarrel over a business payment dispute.,323
281,A business payment dispute turned violent when the accused struck me hard in the abdomen.,323
282,"During an argument regarding an unpaid business amount, the accused punched me in the stomach.",323
283,An unknown man kicked me and punched me on my way home from the office late at night.,323
284,"While returning home from work late at night, an unknown person punched and kicked me.",323
285,A stranger attacked me with kicks and punches while I was walking back from the office at night.,323
286,The accused beat my son mercilessly after an argument between their children at school.,323
287,"Following a quarrel between our kids at school, the accused thrashed my son without mercy.",323
288,My son was beaten severely by the accused as a result of an argument their children had at school.,323
289,My landlord pushed me and slapped me when I demanded the return of my security deposit.,323
290,"When I asked my landlord to refund my deposit money, he shoved and slapped me.",323
291,My landlord assaulted me by pushing and slapping when I asked for the security amount back.,323
292,A man assaulted me at the vegetable market after I accidentally bumped into him.,323
293,"At the vegetable market, a man hit me after I accidentally knocked into him.",323
294,An unknown man attacked me physically at the sabzi market after I had accidentally collided with him.,323
295,The accused hit me with his bare hand during an altercation over a social media post.,323
296,The accused struck me with his open hand during a fight that arose over a social media post.,323
297,A fight over a post on social media led to the accused hitting me with his hand.,323
298,My employer's associate struck me repeatedly during a dispute over pending salary.,323
299,An associate of my employer beat me several times when I raised the matter of my overdue wages.,323
300,I was repeatedly hit by an associate of my employer during a confrontation over unpaid salary.,323
301,The accused attacked me with an iron rod during a property dispute causing deep injuries on my arm.,324
302,"During a property dispute, the accused struck me with a metal rod, leaving deep wounds on my arm.",324
303,The accused beat me with an iron rod over a property matter and caused serious injuries to my arm.,324
304,A man struck me on my head with a cricket bat after an argument about a parking space.,324
305,"After a quarrel about parking, a man used a cricket bat to hit me on the head.",324
306,An unknown man hit my head with a cricket bat following an argument over parking.,324
307,The accused slashed my hand with a sharp knife during a fight at the liquor shop.,324
308,"At the wine shop, the accused cut my hand with a sharp blade during a violent fight.",324
309,My hand was slashed with a knife by the accused during a confrontation at the liquor store.,324
310,An unknown assailant attacked my husband with a sickle during a land dispute in the village.,324
311,My husband was attacked with a sickle by an unknown person during a farmland dispute in the village.,324
312,"During a village land dispute, an unidentified person struck my husband with an agricultural sickle.",324
313,The accused hit me with a glass bottle on my head causing bleeding and dizziness.,324
314,"A glass bottle was used by the accused to strike my head, causing bleeding and making me dizzy.",324
315,The accused smashed a bottle on my head which caused me to bleed and feel lightheaded.,324
316,A group of men beat me with wooden sticks after I reported their illegal activities to authorities.,324
317,"After I reported their unlawful activities to the police, a group of men thrashed me with wooden sticks.",324
318,Several men assaulted me with wooden clubs in retaliation for reporting their illegal activities.,324
319,The accused attacked me with scissors during an argument at the tailoring shop.,324
320,"During a fight at the tailor's shop, the accused used scissors to attack me.",324
321,The accused came at me with scissors and struck me during a quarrel inside the tailoring establishment.,324
322,My neighbor's son struck me with a heavy stone causing a fracture in my left arm.,324
323,The neighbor's son threw a heavy stone at me and it fractured my left arm.,324
324,A large stone thrown by the neighbor's son struck me and resulted in a fracture in my left arm.,324
325,The accused cut my face with a blade after I refused to withdraw the case against him.,324
326,"In retaliation for not dropping the case, the accused slashed my face with a sharp blade.",324
327,The accused used a blade to cut my face when I refused to take back my complaint.,324
328,An unknown assailant attacked me with a hockey stick near the school ground at night.,324
329,"Near the school playground at night, an unidentified attacker beat me with a hockey stick.",324
330,I was attacked by an unknown person wielding a hockey stick near the school ground in the dark.,324
331,The accused assaulted me with a steel rod near my workplace causing serious injury to my leg.,324
332,"Near my office, the accused used a steel rod to hit me and severely injured my leg.",324
333,My leg was badly injured when the accused struck me with a metal rod outside my place of work.,324
334,A man stabbed me in my thigh with a screwdriver during a heated exchange of words.,324
335,"During a verbal altercation, a man jabbed a screwdriver into my thigh causing an injury.",324
336,A screwdriver was used by the accused to stab me in the thigh following a heated argument.,324
337,The accused hit me across my back with an iron pipe during a dispute over shop rent.,324
338,"During an argument about shop rent, the accused struck my back hard with a metal pipe.",324
339,The accused used an iron pipe to assault me on my back during a shop rental dispute.,324
340,My cousin attacked me with a sharp sickle during a family feud over inheritance.,324
341,"During a family dispute about property inheritance, my cousin assaulted me with a sickle.",324
342,A sharp sickle was used by my cousin to attack me in the midst of a family feud over inheritance.,324
343,The accused injured me with a broken glass piece during a quarrel at the party.,324
344,"At the party, the accused used a broken glass shard to injure me during a quarrel.",324
345,A fight at the party ended with the accused cutting me with a piece of broken glass.,324
346,An unknown man slashed my forearm with a knife when I tried to intervene in a street fight.,324
347,"When I stepped in to stop a street brawl, an unknown person cut my forearm with a knife.",324
348,My attempt to intervene in a roadside fight led to an unknown man slashing my arm with a knife.,324
349,The accused struck my father on his shoulder with an axe during a land boundary dispute.,324
350,My father was hit on the shoulder with an axe by the accused during a fight over a land boundary.,324
351,"In a land boundary altercation, the accused used an axe to strike my father on his shoulder.",324
352,A group of youths attacked us with wooden clubs outside the cinema hall after a dispute.,324
353,"Outside the cinema, a gang of young men beat us with wooden clubs following an argument.",324
354,We were assaulted by a group of youths wielding wooden sticks after a dispute outside the theater.,324
355,The accused hit me with a spanner during a road accident dispute causing injury to my head.,324
356,My head was injured when the accused struck me with a wrench during a fight about a road accident.,324
357,The accused used a spanner to hit me on the head during a confrontation following a traffic accident.,324
358,My brother was attacked with a sharp agricultural tool by our neighbor over a water channel.,324
359,Our neighbor assaulted my brother using a sharp farming implement during a water channel dispute.,324
360,A sharp agricultural tool was used by our neighbor to attack my brother over a water channel issue.,324
361,The accused used a burning cigarette to hurt me during a violent argument at the factory.,324
362,"During a factory argument, the accused pressed a lit cigarette against me as an act of assault.",324
363,The accused burnt me with a lighted cigarette during a violent altercation inside the factory premises.,324
364,An armed assailant attacked me with a sharp knife outside the ATM causing severe cuts.,324
365,"Outside the ATM, an armed person slashed me with a knife leaving deep cuts on my body.",324
366,I was severely cut by a sharp knife wielded by an assailant who attacked me near the ATM.,324
367,The accused struck me with a stone causing a fracture in my fingers during the brawl.,324
368,"During the fight, the accused hit my hand with a stone and fractured my fingers.",324
369,A stone thrown by the accused during the brawl struck my hand and broke my fingers.,324
370,A man stabbed me with a pen knife after I objected to his eve-teasing of a girl.,324
371,"After I confronted a man for harassing a girl, he pulled out a pen knife and stabbed me.",324
372,"When I spoke up against a man who was harassing a girl, he attacked me with a small knife.",324
373,The accused attacked me with a broken bottle causing lacerations on my shoulder.,324
374,"Using a shattered bottle, the accused struck my shoulder and left deep cuts.",324
375,My shoulder was lacerated when the accused smashed a broken bottle against it during the assault.,324
376,A person posing as an online seller on OLX took advance payment for a mobile phone but never delivered the product.,420
377,"The accused pretended to sell a mobile on OLX, collected the advance, and disappeared without delivering anything.",420
378,I was defrauded by a fake OLX seller who took advance money for a phone but never sent the item.,420
379,I transferred money online to an agent who promised a government job but then disappeared completely.,420
380,An agent who claimed to arrange a government job took money from me and then went untraceable.,420
381,"After collecting payment for a government job offer, the accused agent disappeared without any contact.",420
382,An unknown person called me pretending to be my bank and got my OTP to defraud me of savings.,420
383,"Posing as a bank representative, an unknown caller tricked me into sharing my OTP and drained my account.",420
384,I was defrauded when a caller pretending to be from my bank extracted my OTP and stole my savings.,420
385,I paid twenty thousand rupees for a laptop advertised on Quikr but neither product nor refund arrived.,420
386,"After paying twenty thousand rupees for a laptop listed on Quikr, neither the item nor my money was returned.",420
387,I was cheated on Quikr by a seller who collected twenty thousand rupees for a laptop and vanished.,420
388,The accused sold me a duplicate gold chain claiming it was original and certified hallmark gold.,420
389,I paid for a laptop from a Quikr listing but received neither the device nor any refund from the seller.,420
390,The accused took money from several investors promising high returns on a scheme that turned out to be fake.,420
391,Several investors were defrauded by the accused who promised high profits through a scheme that was entirely bogus.,420
392,The accused collected investment money from many people by falsely promising high returns on a fraudulent plan.,420
393,Someone hacked my account by sending a phishing link and transferred money to an unknown account.,420
394,My bank account was hacked after I clicked a phishing link and money was transferred out to another account.,420
395,"After receiving a fraudulent link, my account was compromised and funds were moved to an unknown beneficiary.",420
396,A travel agent collected tour package fees from us but never arranged flights or hotel bookings.,420
397,Our travel agent took full payment for the tour package but failed to make any flight or accommodation arrangements.,420
398,We paid a travel agent for a complete holiday package but no bookings were ever made on our behalf.,420
399,"The accused posed as an immigration consultant, collected processing fees, and gave us fake visa documents.",420
400,"Posing as a visa consultant, the accused took processing charges and issued forged immigration documents.",420
401,"We were cheated by the accused who claimed to be an immigration agent, took fees, and provided fake visas.",420
402,I paid for a second-hand car through an online portal but the seller vanished after receiving payment.,420
403,"After paying for a used car listed online, the seller stopped responding and I received nothing.",420
404,The seller of a second-hand car on an online platform disappeared with my payment and never handed over the vehicle.,420
405,The accused convinced my elderly mother to invest in a fraudulent lottery scheme and took her savings.,420
406,My elderly mother was conned into investing her savings in a bogus lottery scheme by the accused.,420
407,The accused duped my aged mother by persuading her to put her savings into a fake lottery plan.,420
408,A person posing as an insurance agent collected premium money and issued fake policy documents.,420
409,An imposter acting as an insurance salesperson collected premiums and gave us fabricated policy papers.,420
410,Someone pretending to be an insurance agent took our premium payment and provided us with counterfeit documents.,420
411,I paid booking advance for a flat and later discovered the property was mortgaged and could not be sold.,420
412,"After giving an advance for a flat, I found out the property was already mortgaged and was not legally saleable.",420
413,The flat I paid advance for turned out to be mortgaged property that the seller had no right to sell.,420
414,The accused forged my signature on documents and fraudulently transferred a plot of land to his name.,420
415,My signature was forged by the accused on legal papers to illegally transfer my plot into his name.,420
416,"By forging my signature, the accused managed to get my land plot transferred to himself fraudulently.",420
417,An online merchant collected full payment for electronic goods but shipped a box filled with stones.,420
418,I paid full price to an online seller for electronics but received a box containing only stones.,420
419,The online seller took complete payment for gadgets and delivered a package filled with stones instead.,420
420,The accused impersonated a government official and collected bribe money promising to settle my case.,420
421,"Pretending to be a government officer, the accused demanded and took bribe money to supposedly help my case.",420
422,"The accused posed as a government functionary, collected money, and promised to resolve my case but never did.",420
423,I was cheated on Meesho by a seller who took payment and sent an empty package.,420
424,A Meesho seller collected my payment and delivered an empty box with nothing inside.,420
425,"After placing an order on Meesho and paying, I received an empty parcel from the seller.",420
426,A person on a matrimonial site extracted money from my family claiming to be an NRI groom.,420
427,Someone on a matrimonial portal falsely represented himself as an NRI groom and extracted money from us.,420
428,Our family was cheated on a matrimonial website by a person who posed as an NRI and took money.,420
429,The accused cheated me by selling shares of a company that he falsely claimed would give high returns.,420
430,I was defrauded by the accused who sold me shares in a company by falsely assuring high returns.,420
431,The accused collected money for company shares by making false claims of high investment returns.,420
432,An online tutor collected fees for an entire year but stopped teaching after the first month.,420
433,"After collecting a full year's tuition fees, the online teacher stopped conducting classes after the first month.",420
434,I paid an entire year's fee to an online tutor who stopped teaching just one month into the course.,420
435,The accused collected funds from the residents association on pretext of maintenance but pocketed the amount.,420
436,"Under the guise of collecting society maintenance, the accused gathered funds and kept the money for himself.",420
437,The accused took maintenance fees from the residents committee under false pretenses and misappropriated them.,420
438,I was defrauded by a coaching institute that promised placement but shut down after collecting fees.,420
439,A coaching center that assured job placement collected our fees and then closed down without notice.,420
440,"After paying fees to a coaching institute that guaranteed placement, it shut operations abruptly.",420
441,A supposed contractor took advance payment for home renovation work and abandoned the site midway.,420
442,The contractor collected advance money for home renovation but left the work incomplete without returning.,420
443,"After accepting advance payment, the contractor abandoned the renovation site midway without explanation.",420
444,An unknown caller convinced my father he had won a prize and collected processing fees through Paytm.,420
445,A fraudulent caller told my father he had won a lottery and took processing charges via Paytm.,420
446,My father was tricked into paying processing charges on Paytm by a stranger who claimed he had won a prize.,420
447,"The accused falsely represented the quality of agricultural seeds, leading to complete crop failure and loss.",420
448,"The accused misrepresented the seed quality, causing our entire crop to fail and resulting in huge losses.",420
449,We suffered complete crop loss because the accused falsely certified the quality of the agricultural seeds sold to us.,420
450,A man posing as a property dealer collected brokerage fees from multiple buyers for the same flat and cheated all of them.,420
451,My business partner took three lakh rupees from our partnership account without my knowledge or consent.,406
452,"Without informing me, my business partner withdrew three lakh rupees from our joint account.",406
453,Three lakh rupees was removed from our partnership account by my business partner without my knowledge.,406
454,The accused was entrusted with my gold jewelry for safekeeping but sold it without my permission.,406
455,I had given my gold ornaments to the accused for safe custody but he sold them without telling me.,406
456,The accused sold my gold jewelry which had been given to him in trust without taking my consent.,406
457,I gave my employee company funds for purchasing materials but he misappropriated the entire amount.,406
458,Company money given to my staff member for buying materials was entirely misused by him.,406
459,My employee took business funds meant for purchasing goods and misappropriated the whole sum.,406
460,The accused was given my car for repair and instead sold it to a third party without my consent.,406
461,"After I entrusted my car to the accused for repair work, he sold it to someone else without permission.",406
462,My car was handed to the accused for servicing but he dishonestly sold it to another person.,406
463,My cousin took my fixed deposit documents for assistance and encashed them without telling me.,406
464,"My cousin, under the guise of helping me, took my FD documents and cashed them out without informing me.",406
465,Fixed deposit papers I gave to my cousin for help were encashed by him without my knowledge.,406
466,A contractor was entrusted with material worth lakhs but diverted it to his own private use.,406
467,The contractor who was given construction material worth lakhs diverted it for personal use.,406
468,Material costing lakhs of rupees entrusted to the contractor was misused by him for his own benefit.,406
469,The secretary of our society collected maintenance money from residents but never deposited it into the account.,406
470,Our society secretary gathered maintenance dues from all residents but failed to deposit the funds in the account.,406
471,Maintenance fees collected from residents by the secretary were never credited to the society's bank account.,406
472,I handed over my land documents to a lawyer for registration and he mortgaged the property instead.,406
473,The lawyer I trusted with my land papers for registration used them to mortgage the property without consent.,406
474,My property documents given to a lawyer for registration were fraudulently used by him to mortgage the land.,406
475,The accused was given my vehicle for commercial use but sold it and kept the money for himself.,406
476,My vehicle which I gave to the accused for business purposes was sold by him and the money was pocketed.,406
477,The accused sold the vehicle I had entrusted to him for commercial use and kept the proceeds.,406
478,My friend took my ATM card for a small withdrawal but made multiple large transactions without my consent.,406
479,The friend I trusted with my ATM card for one small withdrawal made several large unauthorized transactions.,406
480,My ATM card given to a friend for a single withdrawal was used to make multiple large transactions.,406
481,The accused employee misused company funds entrusted to him for business expenses.,406
482,An employee used the company money given to him for official purposes for his personal benefit.,406
483,Business funds given to the accused for legitimate office expenses were misappropriated by him.,406
484,I gave gold jewelry to a jeweler for repair and he substituted it with fake pieces.,406
485,A jeweler who took my gold ornaments for repair returned counterfeit items in their place.,406
486,My gold jewelry sent for repairs was substituted with fake pieces by the jeweler.,406
487,The accused was trusted with my mother's pension money and misappropriated it over several months.,406
488,My mother's pension funds that were trusted to the accused were embezzled by him over a period of months.,406
489,"Over several months, the accused misused my mother's pension money that had been placed in his trust.",406
490,A family member took my valuables to pledge as security for a loan and never returned them.,406
491,My valuables taken by a family member as loan collateral were never returned to me.,406
492,A relative who pledged my belongings as security for a loan has not returned them to date.,406
493,The accused was given power of attorney for managing my property and sold it without my knowledge.,406
494,"Using the power of attorney I had given him, the accused sold my property without my awareness.",406
495,My property was sold by the accused who held my power of attorney without informing or taking my consent.,406
496,My accountant was entrusted with client payments but siphoned the money into his personal account.,406
497,The accountant I trusted to handle client payments diverted the funds into his own account.,406
498,Payments received from clients and given to my accountant for processing were siphoned into his private account.,406
499,The manager of our shop was entrusted with daily sales collection but deposited only partial amounts.,406
500,Our shop manager who handled daily cash collection was depositing less than the actual amount collected.,406
501,Only partial amounts of the daily sales collection were being deposited by our manager who was entrusted with the cash.,406
502,I gave my laptop and camera equipment to my business partner and he sold them without informing me.,406
503,My business partner sold the laptop and camera I had given him without my knowledge or permission.,406
504,Equipment including a laptop and camera entrusted to my partner was sold by him without telling me.,406
505,The accused was given government scheme money for distribution among beneficiaries but kept it himself.,406
506,Government welfare funds given to the accused for disbursement were misappropriated by him instead.,406
507,"Instead of distributing scheme money among the intended beneficiaries, the accused retained it for himself.",406
508,My trusted agent was given premium amount to pay for my insurance policy but never submitted it.,406
509,The agent I trusted with my insurance premium did not submit it and kept the money for himself.,406
510,Premium money given to my agent for my insurance was never deposited with the insurer.,406
511,The accused property manager collected rent from tenants for years but did not pass it on to me.,406
512,My tenants' rent was being collected by the property manager for years but he never forwarded it to me.,406
513,Rent collected from tenants over many years by the accused property manager was not remitted to me.,406
514,A person entrusted with our NGO donations misappropriated funds meant for charity purposes.,406
515,Charitable contributions entrusted to an individual were misappropriated by him instead of being used for the NGO.,406
516,Funds donated to our NGO and entrusted to an individual were misused for personal gain.,406
517,The accused warehouse keeper was entrusted with goods worth lakhs but misappropriated the consignment.,406
518,The consignment of goods worth lakhs given to the warehouse keeper in trust was misappropriated by him.,406
519,Goods of significant value placed in the care of the accused warehouse keeper were dishonestly misused.,406
520,I trusted my brother-in-law with my business receipts and discovered he was depositing them in his own account.,406
521,My brother-in-law to whom I had entrusted business receipts was found depositing the collections in his own account.,406
522,Business receipts given to my brother-in-law for processing were being credited to his personal account.,406
523,The accused was authorized to manage my online business but transferred all earnings to his own account.,406
524,The person I had authorized to run my online business was diverting all revenue to his personal account.,406
525,All earnings from my online store were being transferred to the accused's own account without my consent.,406
526,Burglars broke into our home by breaking the window grill at around two in the night and stole jewelry and cash.,457
527,"Around two in the morning, burglars forced open the window grill and stole jewelry and cash from our home.",457
528,Our house was broken into at night by burglars who snapped the window grill and made away with cash and ornaments.,457
529,The accused and his associates broke into our shop after midnight and stole the day's cash collection.,457
530,"After midnight, the accused along with accomplices broke into the shop and took away all the cash from that day.",457
531,Our shop was burglarized past midnight by the accused and his gang who stole the full day's cash.,457
532,"Unknown persons broke the lock of my house at night and stole a television, laptop, and mobile phones.",457
533,"Unknown intruders smashed the lock on my door at night and took a TV, laptop, and mobile phones.",457
534,"Under cover of darkness, unknown persons broke the house lock and stole the TV, laptop, and phones.",457
535,Thieves cut through the iron bars of the back window during the night and entered my house to steal.,457
536,"During the night, thieves sawed through the iron bars on the rear window and entered my home to commit theft.",457
537,Intruders gained entry by cutting the iron bars on the back window at night and stole items from inside.,457
538,Intruders broke into our flat at around three in the morning while we were asleep and stole ornaments.,457
539,"At about three in the morning, intruders entered our flat while everyone was asleep and took ornaments.",457
540,Our flat was broken into in the early hours by intruders who stole ornaments while we slept.,457
541,The accused broke the wooden door of my shop at midnight and stole goods worth several lakhs.,457
542,"At midnight, the accused smashed open the wooden door of my shop and made off with goods worth lakhs.",457
543,My shop door was broken down by the accused at midnight and merchandise worth several lakhs was stolen.,457
544,Unknown persons drilled through the wall of my jewelry showroom at night and looted gold items.,457
545,"Under cover of night, unknown persons bored through the wall of my showroom and looted gold ornaments.",457
546,Intruders drilled a hole through the wall of my jewelry store at night and took away gold items.,457
547,Thieves broke the padlock of my godown at night and took away machinery and stored goods.,457
548,The padlock of my warehouse was broken by thieves at night and they carried away machinery and stocked items.,457
549,Machinery and stored goods were stolen after thieves broke the padlock of my godown under cover of darkness.,457
550,The accused broke into my ground floor apartment through the terrace at midnight and stole valuables.,457
551,"At midnight, the accused descended from the terrace and entered my ground floor flat to steal valuables.",457
552,My ground floor apartment was entered by the accused through the roof terrace at midnight and valuables were taken.,457
553,Our office was broken into after business hours and the accused stole computers and important files.,457
554,"After the office was closed, the accused broke in and stole computers along with critical documents.",457
555,Important files and computers were stolen from our office after the accused broke in after working hours.,457
556,Miscreants broke the lock of the medical store at night and stole medicines and cash from the counter.,457
557,The pharmacy was broken into at night when miscreants snapped the lock and stole medicines and counter cash.,457
558,Unknown persons broke into the medical store at night and removed medicines and cash kept at the front.,457
559,The accused used duplicate keys to break into the house at night and stole jewelry worth lakhs.,457
560,"Using fake keys, the accused entered the house in the night and committed theft of jewelry worth lakhs.",457
561,The accused gained entry into the house at night by using duplicate keys and stole lakhs worth of jewelry.,457
562,Unknown burglars broke the grille of my garage at night and stole tools and electronic equipment.,457
563,The iron grille of my garage was broken by unknown burglars at night who then stole tools and electronics.,457
564,"Under cover of night, unknown persons forced open the garage grille and took tools and electronic items.",457
565,Our neighbor reported seeing men breaking into our flat at around one in the morning during our absence.,457
566,"At about one in the morning, our neighbor saw men entering our flat forcibly during our absence.",457
567,A neighbor witnessed unknown men breaking into our apartment around one in the morning while we were away.,457
568,Thieves broke into the school storeroom by night and stole sports equipment and electronic items.,457
569,"Under cover of night, thieves gained entry into the school storage room and stole sports gear and electronics.",457
570,The school storeroom was broken into at night and sports equipment along with electronic items were taken.,457
571,An unidentified gang broke into the restaurant kitchen after closing time and stole cash and utensils.,457
572,"After the restaurant was shut, an unknown gang forced their way into the kitchen and took cash and cooking vessels.",457
573,"Following closing time, unknown persons broke into the restaurant kitchen and made off with cash and utensils.",457
574,"The accused broke the roof access door and entered our house at night, stealing clothes, watches, and cash.",457
575,"By breaking the roof entry door, the accused entered our home at night and stole clothing, watches, and money.",457
576,"Our house was entered at night via the rooftop door which the accused broke open to steal cash, clothes, and watches.",457
577,Miscreants broke into our hotel room during the night while we were in deep sleep and stole bags.,457
578,"While we were fast asleep, miscreants broke into the hotel room and took away our bags.",457
579,Our hotel room was burglarized in the middle of the night and bags were stolen while we slept.,457
580,The accused cut the window grille with a hacksaw during the night and entered the premises to steal.,457
581,"Using a hacksaw, the accused sliced through the window grille at night and entered to commit theft.",457
582,"At night, the accused sawed off the window grille and entered the premises to steal items.",457
583,Our factory premises were broken into by night and raw material worth lakhs was taken by the accused.,457
584,The accused broke into our factory under cover of night and stole raw materials valued at lakhs.,457
585,Raw materials worth lakhs were stolen from our factory after the accused broke in during the night.,457
586,"The intruders scaled the compound wall and broke into our house by night, stealing electronics and cash.",457
587,Our compound wall was scaled by intruders at night who then broke into the house and took electronics and cash.,457
588,"Under cover of darkness, intruders climbed over the wall and broke into our home to steal cash and electronics.",457
589,The accused and two others broke the glass of the showroom door at midnight and took jewelry and cash.,457
590,"At midnight, the accused and two accomplices smashed the showroom glass door and looted jewelry and cash.",457
591,The accused along with two others shattered the showroom's glass entrance at midnight and stole valuables.,457
592,Unknown persons forced open the back door of my pharmacy at night and stole controlled medicines.,457
593,My pharmacy's rear door was forced open at night by unknown persons who stole prescription medicines.,457
594,Controlled drugs were stolen after unknown persons broke in through the back entrance of my pharmacy at night.,457
595,Thieves broke the shutters of my mobile accessories shop during the night and stole phones and stock.,457
596,The shutters of my phone accessories shop were pried open at night by thieves who stole phones and goods.,457
597,"During the night, thieves forced open my shop shutters and made off with mobile phones and merchandise.",457
598,The accused broke into an adjacent flat at night using a crowbar and stole cash and a gold necklace.,457
599,"Using a crowbar, the accused forced his way into the neighboring flat at night and stole a gold chain and cash.",457
600,A flat next to mine was broken into at night by the accused using a crowbar and cash and a gold necklace were taken.,457
601,An unknown man followed me from the metro station and grabbed my dupatta and tried to drag me away.,354
602,"After trailing me from the metro, an unknown man grabbed my dupatta and attempted to pull me with him.",354
603,A stranger followed me from the metro station and then seized my dupatta and tried to drag me forcibly.,354
604,The accused forcibly held my hand and prevented me from leaving the office after working hours.,354
605,The accused gripped my hand against my will and blocked me from exiting the office after hours.,354
606,"After office hours, the accused grabbed my hand by force and stopped me from leaving the premises.",354
607,A man outraged my modesty by grabbing my arm and making obscene comments in the crowded bus.,354
608,"On the crowded bus, a man held my arm by force and made indecent remarks, outraging my modesty.",354
609,"A man made obscene remarks and grabbed my arm in the packed bus, causing me immense humiliation.",354
610,The accused touched me inappropriately while I was standing in the queue at the bank.,354
611,"While I waited in the bank queue, the accused touched me in an inappropriate manner.",354
612,I was molested by the accused who touched me indecently while I was in the bank line.,354
613,An unknown man blocked my path and tore my dupatta while making lewd gestures near the park.,354
614,"Near the park, an unknown man stood in my way, tore my dupatta, and made obscene gestures.",354
615,My way was blocked by an unknown person near the park who tore my dupatta and made indecent gestures.,354
616,The accused forcibly tried to hug me against my will in the workplace corridor.,354
617,"In the office corridor, the accused attempted to embrace me forcibly despite my resistance.",354
618,The accused tried to hug me without my consent in the passage outside the workplace cabin.,354
619,"A man followed me from the market, grabbed my wrist, and pulled me toward a lane.",354
620,"After following me from the market, a man seized my wrist and tried to drag me into a side lane.",354
621,A man who had been trailing me from the market grabbed my wrist and pulled me toward a narrow alley.,354
622,The accused molested me in the elevator of our apartment building by touching me inappropriately.,354
623,I was touched inappropriately by the accused inside the lift of my residential building.,354
624,"While I was in the elevator of the apartment complex, the accused committed an act of molestation.",354
625,An unknown person grabbed me from behind and outraged my modesty near the bus stop at night.,354
626,"Near the bus stand at night, an unknown person grabbed me from behind and acted indecently.",354
627,I was grabbed from behind near the bus stop in the dark by a stranger who outraged my modesty.,354
628,The accused assaulted me physically when I refused his proposal and caused bruises on my arm.,354
629,"After I turned down the accused's proposal, he physically attacked me and left bruise marks on my arm.",354
630,The accused responded to my rejection of his proposal by physically assaulting me and bruising my arm.,354
631,A man slapped and pushed me when I resisted his attempt to forcibly touch me at the fair.,354
632,"When I resisted his attempts at molestation at the fair, the man pushed and slapped me.",354
633,"At the mela ground, a man who tried to touch me forcibly hit and shoved me when I resisted.",354
634,The accused blocked the door and physically prevented me from leaving when I asked for help.,354
635,The accused stood at the door and used physical force to stop me from leaving even when I asked for assistance.,354
636,I was physically blocked at the exit by the accused who prevented me from leaving despite my cries.,354
637,An unknown youth grabbed my hand and made indecent remarks while I was returning from school.,354
638,"On my way back from school, an unknown boy grabbed my hand and made obscene comments.",354
639,A young unknown person caught hold of my hand and passed indecent remarks as I walked home from school.,354
640,The accused tore my clothes and tried to use force against me in the stairwell of the building.,354
641,"In the stairwell of the building, the accused ripped my clothing and tried to overpower me.",354
642,The accused attempted to use force against me in the staircase and tore my garments in the process.,354
643,A man assaulted and tried to force himself on me in the empty compartment of the local train.,354
644,"In an unoccupied compartment of the local train, a man assaulted me and attempted criminal force.",354
645,The accused tried to overpower me and used force against me in the deserted local train bogie.,354
646,The accused physically harassed me in my office cabin and refused to leave when asked.,354
647,"The accused entered my office room, harassed me physically, and would not leave even when told to.",354
648,I was physically harassed inside my office cabin by the accused who refused to vacate when I demanded it.,354
649,An unidentified man pushed me into a corner near the underpass and touched me against my will.,354
650,"Near the subway, an unknown man cornered me and molested me without my consent.",354
651,An unknown man shoved me into a corner near the underpass and touched me in an indecent manner.,354
652,The accused grabbed my arm and dragged me forcibly when I tried to report his behavior.,354
653,"When I attempted to report him, the accused seized my arm and forcibly pulled me back.",354
654,The accused forcibly held and dragged me by my arm when I tried to complain about his conduct.,354
655,A man used criminal force against me at the auto stand and ran away when others came near.,354
656,"At the auto-rickshaw stand, a man forcibly assaulted me and fled as soon as bystanders approached.",354
657,A man committed criminal force against me at the auto stand and escaped when people came nearby.,354
658,The accused slapped me when I complained about his behavior to the housing society committee.,354
659,"After I raised a complaint to the housing society about the accused, he came and slapped me.",354
660,The accused responded to my society committee complaint against him by coming and slapping me.,354
661,An unknown youth blocked my way and tried to outrage my modesty on the deserted road at night.,354
662,"On a dark and empty road at night, an unknown young man obstructed my path and tried to molest me.",354
663,A young stranger blocked my way on the deserted road at night and attempted to outrage my modesty.,354
664,The accused man followed me home and forcibly tried to kiss me when I reached my doorstep.,354
665,The accused trailed me to my house and made a forcible attempt to kiss me at my front door.,354
666,"After following me all the way home, the accused tried to kiss me forcibly when I reached my doorstep.",354
667,A man physically assaulted me and tore my saree when I refused to comply with his demands.,354
668,"When I refused to give in to his demands, a man physically attacked me and ripped my saree.",354
669,I was physically beaten and my saree was torn by a man after I declined to comply with his requests.,354
670,The accused groped me in the crowded shopping mall and ran before I could raise an alarm.,354
671,"In the busy shopping mall, the accused molested me and fled before I could call for help.",354
672,The accused committed molestation in the crowded mall and escaped before I could alert anyone.,354
673,An unknown person grabbed me by the hand at the bus stand and tried to pull me onto a motorcycle.,354
674,"At the bus stand, an unidentified person forcibly held my hand and attempted to drag me onto his motorbike.",354
675,An unknown man caught my hand at the bus depot and tried to force me onto a waiting motorcycle.,354
676,The accused called me and threatened to kill me if I did not withdraw the complaint I had filed.,506
677,I received a call from the accused who threatened to take my life unless I took back my complaint.,506
678,The accused contacted me by phone and warned he would kill me if I did not withdraw the police complaint.,506
679,An unknown person sent me threatening messages saying he would harm my children if I did not comply.,506
680,I received threatening texts from an unknown number warning that my children would be harmed if I disobeyed.,506
681,My children were threatened via messages by an unknown sender who warned me of consequences for non-compliance.,506
682,The accused threatened my father with dire consequences if he did not hand over the property papers.,506
683,My father was threatened by the accused who warned him of serious harm if he did not surrender the property documents.,506
684,The accused warned my father that he would face grave consequences unless he handed over the property papers.,506
685,A gang member threatened me with a knife and warned me not to testify in court against him.,506
686,A member of the gang pointed a knife at me and threatened me not to give witness testimony in court.,506
687,I was threatened by a gang member using a knife who told me not to appear as a witness in court.,506
688,The accused sent threatening letters to my house warning that I would face consequences for speaking out.,506
689,Threatening letters were delivered to my home by the accused warning me of serious consequences for speaking up.,506
690,The accused mailed intimidating letters to my address threatening to harm me for coming forward.,506
691,My business rival threatened to destroy my shop if I did not vacate the premises.,506
692,A competing businessman warned me that he would ruin my shop if I did not leave the location.,506
693,My trade rival issued a direct threat to demolish my shop unless I agreed to vacate the space.,506
694,The accused called me repeatedly and said he would burn my vehicle if I did not pay him money.,506
695,The accused made multiple calls threatening to set fire to my vehicle if I refused to give him money.,506
696,I received repeated calls from the accused warning that my vehicle would be burnt if I did not pay up.,506
697,An unknown caller threatened my wife saying she would be harmed if I did not drop the case.,506
698,A stranger called and told my wife she would face harm if I refused to withdraw the legal case.,506
699,An unidentified person phoned and threatened my wife with danger in order to pressure me into dropping the case.,506
700,The accused openly threatened me in front of witnesses saying he would kill me over the land dispute.,506
701,"In the presence of several witnesses, the accused publicly threatened to kill me over the land issue.",506
702,The accused made an open death threat against me in front of witnesses during the land dispute.,506
703,My neighbor threatened to harm my family members if I did not remove my CCTV camera.,506
704,I was threatened by my neighbor who said my family would face consequences if the CCTV was not removed.,506
705,My neighbor warned that he would harm my family unless I took down the surveillance camera.,506
706,The accused warned me through a common acquaintance that I would face grave consequences.,506
707,"Through a mutual contact, the accused relayed a warning that I would suffer serious repercussions.",506
708,A shared acquaintance was used by the accused to pass on a threatening message about grave consequences.,506
709,A man called me late at night and threatened to attack me if I attended the court hearing.,506
710,I received a late night call from a man who threatened to assault me if I appeared at the court proceedings.,506
711,A threatening call came late at night warning me not to attend the court hearing or face physical harm.,506
712,The accused sent a voice message saying I should leave the neighborhood or face serious harm.,506
713,An audio message was sent by the accused warning me to relocate from the area or suffer consequences.,506
714,The accused threatened me via a voice note saying I must leave the locality or be harmed.,506
715,My business partner threatened to ruin me professionally and harm my family if I pursued legal action.,506
716,"If I continued with the legal case, my business partner threatened to damage my career and hurt my family.",506
717,My partner issued threats to destroy my professional reputation and harm my family to stop me from going to court.,506
718,The accused issued death threats to my brother on social media over a political disagreement.,506
719,My brother received death threats posted by the accused on social media due to a political argument.,506
720,"Over a political disagreement, the accused publicly threatened my brother's life on social media platforms.",506
721,An unknown person slipped a threatening note under my door warning me to stop pursuing the complaint.,506
722,A threatening chit was pushed under my door by an unknown person warning me to stop the legal complaint.,506
723,I found a threatening note slid under my door by an unknown person telling me to drop the complaint.,506
724,The accused in the property case threatened my lawyer outside the court premises.,506
725,My advocate was threatened by the accused in the property dispute outside the court building.,506
726,"Outside the courthouse, the accused confronted and threatened my lawyer involved in the property case.",506
727,"A gang threatened shopkeepers in our market, demanding money and warning of violence otherwise.",506
728,Market shopkeepers including myself were threatened by a gang demanding protection money under threat of violence.,506
729,An organized gang issued threats to shop owners in our market and demanded cash under the threat of harm.,506
730,The accused said he had connections with powerful people and would make sure I suffered.,506
731,The accused boasted of his powerful links and warned that he would ensure I face serious trouble.,506
732,I was threatened by the accused who claimed influential contacts and vowed to make me pay for opposing him.,506
733,My tenant threatened to kill me when I asked him to vacate the house after the rental period ended.,506
734,"After being asked to leave at the end of the rental agreement, my tenant threatened to kill me.",506
735,"When I requested my tenant to vacate after the lease expired, he responded with a death threat.",506
736,The accused threatened me with a weapon and said I would not be alive to celebrate the next festival.,506
737,"Brandishing a weapon, the accused warned me that I would not survive to see the upcoming festival.",506
738,The accused pointed a weapon at me and gave a death threat saying I would not live till the next festival.,506
739,An unknown person threatened me over WhatsApp with images implying harm to my family members.,506
740,Threatening images implying danger to my family were sent to me via WhatsApp by an unidentified person.,506
741,I received WhatsApp messages with disturbing images from an unknown number threatening harm to my family.,506
742,The accused followed me to my workplace and made threats in the presence of my colleagues.,506
743,The accused came to my office and issued threats openly in front of my coworkers.,506
744,"In full view of my colleagues at work, the accused trailed me there and made direct threats.",506
745,A person threatened my elderly parents in my absence saying they would hurt them if I did not pay up.,506
746,"During my absence, an unknown person came to my home and threatened to harm my aged parents unless I paid.",506
747,My elderly parents were threatened by someone who visited during my absence and demanded payment under threat of injury.,506
748,The accused called me from an unknown number and threatened to kill me before my daughter's wedding.,506
749,"Using an unidentified number, the accused phoned me and issued a death threat tied to my daughter's wedding date.",506
750,I received a death threat from the accused over an unknown call saying I would be killed before my daughter's marriage.,506
751,"Three unidentified men surrounded me at the crowded railway station platform, one distracted me asking for directions while the other two removed my mobile phone and wallet from my trouser pockets.",379
752,"While I stood in a long queue at the government ration office, two persons jostled me repeatedly and I later discovered my purse containing eight thousand rupees and my voter ID card had been lifted.",379
753,"At the weekly bazaar, four to five persons created a commotion near my stall and in the confusion someone stole the cash box with the entire day's earnings of around fifteen thousand rupees.",379
754,Two youths at the metro platform pretended to help me with the ticket machine while one engaged me in conversation and the other removed my laptop bag and mobile from my trolley.,379
755,"While I was shopping in the crowded electronics market, two men bumped into me from both sides and I later found my wallet, phone, and earphones all missing from my bag.",379
756,"Our house was broken into at night and the thieves took away two mobile phones, a laptop, a gold chain, a wristwatch, and a bag containing important documents including property papers.",380
757,"While the entire family attended a relative's funeral, unknown persons entered through the rear window and took away gold jewelry, silver utensils, and approximately forty thousand rupees cash from the almirah.",380
758,"Two men entered our flat posing as electricity meter readers and after they left I found my wife's gold bangles, a diamond ring, and cash kept on the dressing table missing.",380
759,"During our three-day outstation trip, burglars broke into the house and stole two laptops, a DSLR camera, gold ornaments, and the household cash totaling over one lakh rupees.",380
760,"The domestic helper who had worked for us for three years stole gold jewelry, silver coins, and cash worth over two lakhs from different locations inside our home over several visits.",380
761,"Three bike-borne men surrounded me at the isolated crossing, threatened me with a sharp weapon, and snatched my mobile phone, gold chain, and leather wallet before speeding away.",356
762,"A group of four men on two motorcycles blocked my path near the empty road at night, intimidated me verbally, and forcibly took my bag containing a laptop and cash.",356
763,"While I was returning from the ATM at night, two men followed me on foot, blocked my way, pushed me to the ground, and snatched my cash and mobile phone.",356
764,Two men on a motorcycle snatched my gold chain and simultaneously another person grabbed my handbag from my other shoulder while I was walking near the crowded bus terminal.,356
765,"At the busy festival ground, three unknown persons surrounded me, one held my arms from behind while the others snatched my gold necklace and tore my earrings from my ears.",356
766,"During a heated argument over a boundary wall, the accused and two of his associates punched me, kicked me repeatedly, and I sustained injuries on my face, ribs, and arms.",323
767,A group of five men attacked me outside the dhaba after a dispute over a parking space and I was beaten with fists and kicks until I fell unconscious on the road.,323
768,"Three persons assaulted my brother and me near the metro station after an argument over a minor traffic incident, leaving both of us with bruises and injuries on our heads and arms.",323
769,The accused and his brother together beat me up in front of my house during a quarrel over loud music and I suffered injury to my nose and swelling on both cheeks.,323
770,"Following a business dispute, the accused along with two associates caught me alone in the market and beat me with their hands and feet causing multiple injuries across my body.",323
771,The accused and two others attacked me with iron rods and a wooden stick during a land boundary dispute and I sustained fractures in my left hand and severe bruising on my back.,324
772,Three men ambushed me on the road after dark armed with a knife and an iron pipe and attacked me causing deep cuts on my forearm and injuries on my head.,324
773,The accused along with his friend attacked my son outside the school with belt buckles and a hockey stick causing bleeding injuries on his shoulder and arms.,324
774,"During a fight over a shopkeeping dispute, the accused used a broken glass bottle to slash my face and arm while his associate hit me with a wooden plank.",324
775,A group of men from the neighboring village armed with sickles and iron rods attacked our family during a crop dispute causing serious injuries to three of us.,324
776,"The accused transferred money to a fake UPI ID shared by a fraudster posing as a customer service agent and despite paying thirty thousand rupees for a laptop, neither the item nor refund was received.",420
777,I received a call from a person claiming to be a bank KYC officer who asked me to install a remote access app and within minutes thirty-five thousand rupees was debited from my account.,420
778,"After responding to an Instagram advertisement for a work-from-home scheme, I paid registration and training fees totaling twenty-two thousand rupees across multiple UPI transactions but received no work or refund.",420
779,"A person on a classified ads portal sold me a second-hand car, took full payment of two lakh rupees via bank transfer, and later I found the car had been reported stolen and could not be registered.",420
780,"The accused posed as a government portal representative, collected processing fees of fifteen thousand rupees via Paytm for a subsidy application, and all contact was cut off after the payment.",420
781,"The accused convinced me to invest in a cryptocurrency trading app, I deposited a total of three lakh rupees in multiple transactions, and the application disappeared along with the accused.",420
782,"A seller on an online marketplace collected payments for multiple electronic items worth over fifty thousand rupees in total, sent empty boxes for some orders and nothing for others.",420
783,"Two persons posing as insurance advisors visited my home, collected a premium of forty thousand rupees, issued fake policy documents, and their phone numbers were found to be inactive later.",420
784,The accused collected money from our entire apartment block promising to arrange a bulk purchase of solar panels at discounted rates through a government scheme and then stopped responding to all residents.,420
785,A social media account posing as a reputed jeweler took advance payment of sixty thousand rupees for gold coins to be delivered on a festive occasion and never sent anything.,420
786,"My business partner of four years withdrew six lakh rupees from our joint firm account without my knowledge, forged my signature on the withdrawal slips, and refused to return the amount.",406
787,The accused manager was entrusted with collecting dealer payments on behalf of the company but misappropriated over ten lakh rupees in collections by depositing them into a private account.,406
788,A real estate agent entrusted with all my property documents and power of attorney illegally sold my plot and pocketed the proceeds without informing me or sharing any amount.,406
789,The accused was given custody of our entire office inventory worth several lakhs for relocation purposes and diverted the goods to an unknown location without returning anything.,406
790,My trusted financial advisor who was managing my fixed deposits and mutual fund accounts redeemed all investments worth over fifteen lakh rupees and transferred the money to his own account.,406
791,"Armed with duplicate keys, the accused and two associates broke into our jewelry shop at midnight, gagged the night watchman, and looted gold ornaments and diamond rings worth over twenty lakhs.",457
792,A gang of three persons broke through the reinforced back wall of our factory godown using heavy tools during the night and made off with raw material and machinery worth several lakhs.,457
793,"The accused and his associates broke the shutters of our electronics showroom in the dead of night, disabled the CCTV wiring, and stole over forty mobile phones and laptops.",457
794,"Burglars broke open the iron safe inside our home office at night by drilling through it and stole cash, gold coins, and original property documents stored inside.",457
795,"Three persons broke into our ground floor flat at around two in the morning, tied up the elderly watchman, and looted cash, jewelry, and electronic items worth over five lakhs.",457
796,"After following me home from the office, the accused and another man cornered me in the building stairway, threatened me with a knife, and groped me when I refused to comply.",354
797,"Two men forcibly dragged me into a secluded lane near the bus stop, threatened me with dire consequences if I screamed, and committed assault against me.",354
798,"The accused along with a female associate blocked my path in the crowded market, held me by the arms, and subjected me to indecent behavior while others in the group stopped passersby from helping.",354
799,"A group of men followed me from the college campus to the bus stop, surrounded me at the stop, made threatening remarks, and one of them physically assaulted me when I raised my voice.",354
800,"The accused and two others came to my workplace, threatened my coworkers to leave the room, and then the main accused physically harassed me and warned me against reporting the matter.",354
